,n,r,CI95%,r2,adj_r2,p-val,BF10,power
pearson,3200,0.35708350517542975,[0.33 0.39],0.12750862966837118,0.12696281085677807,7.461676059301157e-97,1.021e+93,1.0
